fitted_incoming_vx,fitted_incoming_vy,ball_x_distance,incoming_angle,outgoing_angle
"[-2.93677683 -2.48796135 -2.47658584 -2.59240919 -2.6694524  -2.64808024
 -2.53708286 -2.37575748 -2.19599    -1.98433662 -1.64410553 -0.95743854]","[2.69298409 2.37182371 2.67205802 2.94722972 2.95361704 2.722092
 2.42997871 2.27291154 2.33669346 2.46915425 2.15200876 0.37271515]",17.38,45.91,78.02
