fitted_incoming_vx,fitted_incoming_vy,ball_x_distance,incoming_angle,outgoing_angle
"[-4.53564607 -4.79722404 -4.85124889 -4.71008225 -4.4101046  -4.00407295
 -3.55347842 -3.12090391 -2.76238173 -2.51975119 -2.4130163  -2.43270332
 -2.53221847 -2.62020549 -2.55290334 -2.12650378 -1.069509  ]","[4.45996759 4.77955742 4.90869795 4.83819553 4.59255705 4.22044746
 3.78514725 3.35500989 2.99391933 2.75174748 2.65481169 2.6963322
 2.82688965 2.94488255 2.88698473 2.41860285 1.22433387]",18.61,46.68,77.83
